id,utterance,expected_stage,actual_stage,expected_category,actual_category,target_slot,should_call_gemini,rule_latency_ms,passed
casual_home_rest,어르신: 오늘은 그냥 집에서 쉴래.,not_needed,not_needed,unknown,unknown,,False,0.968,True
casual_meal,어르신: 오늘 밥은 먹었어.,need_detection,need_detection,unknown,unknown,,False,0.283,True
casual_lunch,어르신: 오늘 점심은 먹었어.,need_detection,need_detection,unknown,unknown,,False,0.263,True
casual_weather,어르신: 오늘 날씨가 좀 춥네.,need_detection,need_detection,unknown,unknown,,False,0.222,True
casual_medicine,어르신: 아까 점심 먹고 약도 먹었어.,need_detection,need_detection,unknown,unknown,,False,0.254,True
casual_sleep,어르신: 어제 잠을 잘 못 자서 오늘은 좀 피곤하네.,need_detection,need_detection,unknown,unknown,,False,0.241,True
casual_family_call,어르신: 아들이 아까 전화했어.,need_detection,need_detection,unknown,unknown,,False,0.221,True
no_outing_home,어르신: 오늘은 그냥 집에 있을래.,not_needed,not_needed,unknown,unknown,,False,0.212,True
no_outing_tired,어르신: 오늘은 피곤해서 아무 데도 안 나갈래.,not_needed,not_needed,unknown,unknown,,False,0.236,True
cancel_hospital,어르신: 병원은 안 가도 될 것 같아. 오늘은 집에 있을래.,not_needed,not_needed,medical_general,medical_general,,False,0.249,True
refuse_family_ride,어르신: 치과는 가야 하는데 딸이 데려다준대. 차는 안 불러도 돼.,not_needed,not_needed,medical_dental,medical_dental,,False,0.151,True
refuse_taxi,어르신: 약국은 가야 하는데 택시 타고 갈게. 차량 예약은 안 해줘도 돼.,not_needed,not_needed,pharmacy,pharmacy,,False,0.195,True
emg_fall_severe,어르신: 방금 넘어졌는데 못 일어나겠어. 움직일 수가 없어.,emergency,emergency,unknown,unknown,,False,0.453,True
emg_chest_sweat,어르신: 가슴이 너무 답답하고 식은땀이 나.,emergency,emergency,unknown,unknown,,False,0.437,True
emg_speech,어르신: 갑자기 말이 잘 안 나와.,emergency,emergency,unknown,unknown,,False,0.297,True
emg_breath_chest,어르신: 숨이 잘 안 쉬어지고 가슴이 아파.,emergency,emergency,unknown,unknown,,False,0.266,True
emg_fall_light,어르신: 화장실에서 넘어졌는데 일어나기가 너무 힘들어.,emergency,emergency,unknown,unknown,,False,0.289,True
emg_breath_short,어르신: 숨이 너무 차고 가슴이 답답해.,emergency,emergency,unknown,unknown,,False,0.253,True
book_hospital,어르신: 내일 오전 10시에 병원 가야 하는데 차 좀 불러줘.,reservation_info_collection,reservation_info_collection,medical_general,medical_general,medical_department,False,0.217,True
book_pharmacy_exact,어르신: 중앙약국까지 이동 차량 예약해줘.,reservation_info_collection,reservation_info_collection,pharmacy,pharmacy,date,False,0.14,True
book_pharmacy_time,어르신: 오늘 오후 3시에 약국까지 차 좀 불러줘.,reservation_info_collection,reservation_info_collection,pharmacy,pharmacy,place_resolution_method,False,0.179,True
book_dental_time,어르신: 내일 오후 2시에 치과 가야 하는데 차 좀 불러줘.,reservation_info_collection,reservation_info_collection,medical_dental,medical_dental,place_resolution_method,False,0.127,True
book_pharmacy_nearby,어르신: 오늘 가까운 약국으로 이동 차량 예약해줘.,reservation_info_collection,reservation_info_collection,pharmacy,pharmacy,time,False,0.17,True
book_market_time,어르신: 오후 3시에 시장에 장보러 가야 하는데 버스 불러줘.,reservation_info_collection,reservation_info_collection,shopping_market,shopping_market,place_resolution_method,False,0.173,True
book_bank_exact,어르신: 내일 오전 9시에 국민은행까지 차 불러줘.,reservation_info_collection,reservation_info_collection,public_bank,public_bank,pickup_location,False,0.122,True
book_market_nearby,어르신: 가까운 시장으로 내일 오전에 이동 차량 예약해줘.,reservation_info_collection,reservation_info_collection,shopping_market,shopping_market,pickup_location,False,0.165,True
confirm_orthopedic,어르신: 무릎이 아파서 가까운 정형외과로 가고 싶어.,reservation_confirm,reservation_confirm,medical_orthopedics,medical_orthopedics,reservation_consent,False,0.167,True
confirm_bank,어르신: 은행에 통장 정리하러 가야 해.,reservation_confirm,reservation_confirm,public_bank,public_bank,reservation_consent,False,0.195,True
confirm_market,어르신: 내일 시장에 장보러 가고 싶어.,reservation_confirm,reservation_confirm,shopping_market,shopping_market,reservation_consent,False,0.174,True
confirm_bus_hard,어르신: 버스 타기가 힘들어서 병원 가기 어려워.,reservation_confirm,reservation_confirm,medical_general,medical_general,reservation_consent,False,0.236,True
confirm_mart,어르신: 마트에 생필품 사러 가야 해.,reservation_confirm,reservation_confirm,shopping_mart,shopping_mart,reservation_consent,False,0.183,True
confirm_library,어르신: 도서관에 책 빌리러 가고 싶어.,reservation_confirm,reservation_confirm,leisure_library,leisure_library,reservation_consent,False,0.214,True
confirm_welfare,어르신: 평소 다니는 복지관에 내일 가고 싶어.,reservation_confirm,reservation_confirm,welfare_center,welfare_center,reservation_consent,False,0.191,True
confirm_convenience,어르신: 편의점에 잠깐 다녀오고 싶어.,reservation_confirm,reservation_confirm,shopping_convenience,shopping_convenience,reservation_consent,False,0.192,True
confirm_senior_center,어르신: 경로당에 친구들 만나러 가야 해.,reservation_confirm,reservation_confirm,senior_center,senior_center,reservation_consent,False,0.202,True
med_internal_nearby,어르신: 배가 아파서 가까운 내과에 가고 싶어.,reservation_confirm,reservation_confirm,medical_internal,medical_internal,reservation_consent,False,0.155,True
med_internal_real,어르신: 배가 계속 아파서 내과에 가야겠어.,reservation_confirm,reservation_confirm,medical_internal,medical_internal,reservation_consent,False,0.154,True
med_eye,어르신: 눈이 침침해서 안과에 가고 싶어.,reservation_confirm,reservation_confirm,medical_ophthalmology,medical_ophthalmology,reservation_consent,False,0.184,True
med_ent,어르신: 귀가 잘 안 들려서 이비인후과에 가야 해.,reservation_confirm,reservation_confirm,medical_ent,medical_ent,reservation_consent,False,0.173,True
med_skin,어르신: 피부가 가려워서 피부과에 가고 싶어.,reservation_confirm,reservation_confirm,medical_dermatology,medical_dermatology,reservation_consent,False,0.149,True
med_rehab,어르신: 물리치료 받으러 재활의학과에 가야 해.,reservation_confirm,reservation_confirm,medical_rehabilitation,medical_rehabilitation,reservation_consent,False,0.171,True
place_community,어르신: 주민센터에 등본 떼러 가야 해.,reservation_confirm,reservation_confirm,public_community_center,public_community_center,reservation_consent,False,0.19,True
place_city_office,어르신: 구청에 민원 보러 가야 해.,reservation_confirm,reservation_confirm,public_city_office,public_city_office,reservation_consent,False,0.198,True
religion_church,어르신: 일요일에 교회 예배 가야 해.,reservation_confirm,reservation_confirm,religious_church,religious_church,reservation_consent,False,0.206,True
religion_church_week,어르신: 수요일에 교회 예배 가야 해.,reservation_confirm,reservation_confirm,religious_church,religious_church,reservation_consent,False,0.213,True
religion_temple,어르신: 이번 주말에 절에 다녀오고 싶어.,reservation_confirm,reservation_confirm,religious_temple,religious_temple,reservation_consent,False,0.21,True
religion_catholic,어르신: 성당 미사에 가야 하는데 혼자 가기 어렵네.,reservation_confirm,reservation_confirm,religious_catholic,religious_catholic,reservation_consent,False,0.215,True
religion_worship_only,어르신: 예배가 있어서 아침에 나가야 해.,reservation_confirm,reservation_confirm,religious_church,religious_church,reservation_consent,False,0.212,True
social_daughter,어르신: 딸 집에 가야 하는데 혼자 가기가 힘들어.,reservation_confirm,reservation_confirm,social_family_visit,social_family_visit,reservation_consent,False,0.222,True
social_friend,어르신: 친구 만나러 가야 하는데 혼자 가기가 힘들어.,reservation_confirm,reservation_confirm,social_friend_visit,social_friend_visit,reservation_consent,False,0.227,True
social_son_book,어르신: 아들 집에 가야 해서 이동 차량 예약해줘.,reservation_info_collection,reservation_info_collection,social_family_visit,social_family_visit,exact_destination,False,0.208,True
social_grandson_book,어르신: 손자 집에 가야 하는데 차 좀 불러줘.,reservation_info_collection,reservation_info_collection,social_family_visit,social_family_visit,exact_destination,False,0.214,True
unknown_outing,어르신: 오늘 좀 나가고 싶긴 한데 어디 갈지는 아직 모르겠어.,reservation_confirm,reservation_confirm,unknown,unknown,destination_category,False,0.244,True
unknown_book,어르신: 내일 오후에 어디 좀 가야 하는데 차 좀 불러줘.,reservation_info_collection,reservation_info_collection,unknown,unknown,destination_category,False,0.218,True
